region,province,barangays_in_list,ref_imr,ref_ufmr,ref_fic,ref_abr,ref_pre_natal,ref_sba,ref_water,adjusted_to_100
BANGSAMORO AUTONOMOUS REGION IN MUSLIM MINDANAO (BARMM),BASILAN,37,12.21,14.01,31.01,15.11,58.78,57.89,77.54,
BANGSAMORO AUTONOMOUS REGION IN MUSLIM MINDANAO (BARMM),LANAO DEL SUR,108,3.36,5.36,47.19,8.88,91.69,76.38,78,
BANGSAMORO AUTONOMOUS REGION IN MUSLIM MINDANAO (BARMM),MAGUINDANAO DEL NORTE,30,2.8,5,70,2,70.5,69.7,87.2,
BANGSAMORO AUTONOMOUS REGION IN MUSLIM MINDANAO (BARMM),MAGUINDANAO DEL SUR,55,3,5,58,3.6,68.6,75.1,91.2,
BANGSAMORO AUTONOMOUS REGION IN MUSLIM MINDANAO (BARMM),SPECIAL GEOGRAPHIC AREA,1,0.03,0.08,0.33,0.009,0.9,0.11,0.46,
BANGSAMORO AUTONOMOUS REGION IN MUSLIM MINDANAO (BARMM),SULU,87,3.65,4.71,46.01,11.59,96.98,41.75,46,
BANGSAMORO AUTONOMOUS REGION IN MUSLIM MINDANAO (BARMM),TAWI-TAWI,82,4.1,6.8,39.76,11,70,81,31,
CORDILLERA ADMINISTRATIVE REGION (CAR),ABRA,126,6.47,7.99,80.81,24.53,87.86,98.38,100,Water
CORDILLERA ADMINISTRATIVE REGION (CAR),APAYAO,47,14,15.4,71.48,82.62,64.71,94.7,12.31,
CORDILLERA ADMINISTRATIVE REGION (CAR),BENGUET,104,5.7,6.25,51.52,10.21,79.9,96.79,96.24,
CORDILLERA ADMINISTRATIVE REGION (CAR),IFUGAO,141,7.24,7.76,66.33,16.89,82.26,97.68,90.03,
CORDILLERA ADMINISTRATIVE REGION (CAR),KALINGA,87,10,11,82,6,97,100,100,Water
CORDILLERA ADMINISTRATIVE REGION (CAR),MOUNTAIN PROVINCE,104,10.81,12.35,71.11,39.3,89.74,99.36,100,Water
MIMAROPA REGION,CITY OF PUERTO PRINCESA,13,22.8,29.02,54.1,29.95,28.33,96.78,91.8,
MIMAROPA REGION,MARINDUQUE,4,16.28,18.5,61.02,22.86,79.42,99.26,92.16,
MIMAROPA REGION,OCCIDENTAL MINDORO,51,16,19,64.28,42.9,86.05,81.82,89.77,
MIMAROPA REGION,ORIENTAL MINDORO,127,3.22,4.01,61.01,12.89,80.81,92.07,100,Water
MIMAROPA REGION,PALAWAN,205,12.4,15.02,52.12,40.55,92.39,76.04,80.42,
MIMAROPA REGION,ROMBLON,58,25.66,16.13,68.35,25.6,74.59,98.83,91.74,
NEGROS ISLAND REGION (NIR),NEGROS OCCIDENTAL,90,11.71,16.87,64.38,15.38,78.38,95.22,88.95,
NEGROS ISLAND REGION (NIR),NEGROS ORIENTAL,51,13,16,55.5,33,72.09,89.27,96.05,
REGION I (ILOCOS REGION),ILOCOS NORTE,17,17.1,19.44,90.93,13,100,99.98,100,Pre-natal
REGION I (ILOCOS REGION),ILOCOS SUR,107,8.79,12.04,102.15,7.05,100,100,71.28,Pre-natal
REGION I (ILOCOS REGION),LA UNION,93,22.02,25.65,67.53,1.97,100,99.85,97.03,Pre-natal
REGION I (ILOCOS REGION),PANGASINAN,45,8.32,11.68,71.47,15.79,100,99.87,98.27,Pre-natal
REGION II (CAGAYAN VALLEY),BATANES,3,44,44,83,17,67,100,100,
REGION II (CAGAYAN VALLEY),CAGAYAN,12,0,0,0,0,0,0,0,
REGION II (CAGAYAN VALLEY),ISABELA,119,5,9.38,73.21,19.23,97.38,98.79,97.78,
REGION II (CAGAYAN VALLEY),NUEVA VIZCAYA,50,,,,,,,,
REGION II (CAGAYAN VALLEY),QUIRINO,43,6.71,6.71,77.59,33.85,99.37,99.75,96.04,
REGION III (CENTRAL LUZON),AURORA,31,4,9,92,26.03,100,98.65,100,Pre-natal|Water
REGION III (CENTRAL LUZON),BATAAN,1,20,24,63,33.91,75,99,97.71,
REGION III (CENTRAL LUZON),BULACAN,8,7,9,84,20,100,99.14,100,Pre-natal|Water
REGION III (CENTRAL LUZON),NUEVA ECIJA,47,21,25,67,25,86,99,97,
REGION III (CENTRAL LUZON),PAMPANGA,14,6,8,71,17,100,98,94.68,Pre-natal
REGION III (CENTRAL LUZON),TARLAC,7,17,21,91,21.4,100,99,93,Pre-natal
REGION III (CENTRAL LUZON),ZAMBALES,21,19,24,73.4,27,78.69,97.14,100,Water
REGION IV-A (CALABARZON),BATANGAS,30,8.17,9.73,60.34,12.46,83.72,96.07,100,Water
REGION IV-A (CALABARZON),CAVITE,3,10.99,13.55,62.69,11.62,76.49,97.61,94.81,
REGION IV-A (CALABARZON),LAGUNA,7,13.57,17.8,69.96,11.83,91.72,97.52,95.46,
REGION IV-A (CALABARZON),QUEZON,148,19.69,22.98,51.99,9,79.48,92.44,90.65,
REGION IV-A (CALABARZON),RIZAL,7,8.39,14.07,56.06,32.06,75.84,94.49,90.74,
REGION IX (ZAMBOANGA PENINSULA),,7,,,,,,,,
REGION IX (ZAMBOANGA PENINSULA),CITY OF ISABELA,14,0.5,0.75,73.55,12.56,74.5,95.02,95.23,
REGION IX (ZAMBOANGA PENINSULA),CITY OF ZAMBOANGA,1,13.21,0,79.9,6.71,89.4,47.267,78.86,
REGION IX (ZAMBOANGA PENINSULA),ZAMBOANGA DEL NORTE,213,8.09,12.87,57.94,31.32,87.23,90.09,94.17,
REGION IX (ZAMBOANGA PENINSULA),ZAMBOANGA DEL SUR,227,6.34,9.9,49.03,3.78,67.45,84.85,92.75,
REGION IX (ZAMBOANGA PENINSULA),ZAMBOANGA SIBUGAY,61,0,0,81,22,27,77,81,
REGION V (BICOL REGION),ALBAY,87,22.23,27.86,51.64,12.99,87.41,98.86,100,Water
REGION V (BICOL REGION),CAMARINES NORTE,48,13.34,15.53,37.69,33.54,97.1,98.3,69.25,
REGION V (BICOL REGION),CAMARINES SUR,235,6.86,11.37,38.52,12.5,70.39,91,98.82,
REGION V (BICOL REGION),CATANDUANES,22,4.2,7.64,67,12.26,85,98,98,
REGION V (BICOL REGION),MASBATE,177,8.91,17.62,49,37,75.54,95.02,85.35,
REGION V (BICOL REGION),SORSOGON,188,11,16,54.97,28,91,99.25,57.25,
REGION VI (WESTERN VISAYAS),AKLAN,36,8.2,10.94,60.02,12.41,90,92.4,95.25,
REGION VI (WESTERN VISAYAS),ANTIQUE,85,17.22,19.51,66.04,24.65,73.43,93.76,100,Water
REGION VI (WESTERN VISAYAS),CAPIZ,40,11.94,16.96,66.15,16.57,95.62,96.56,99.8,
REGION VI (WESTERN VISAYAS),GUIMARAS,4,11.16,15.73,67.51,26.2,96.98,99.91,100,Water
REGION VI (WESTERN VISAYAS),ILOILO,232,4.49,27.85,73.53,21.82,93.63,98.37,99.33,
REGION VII (CENTRAL VISAYAS),BOHOL,61,11,14.43,53.44,10.9,75.59,99.39,95.35,
REGION VII (CENTRAL VISAYAS),CEBU,21,19.5,30.62,55,2.9,58,95,48.77,
REGION VIII (EASTERN VISAYAS),EASTERN SAMAR,67,6.47,7.73,50.83,33.57,91.29,96.77,100,Water
REGION VIII (EASTERN VISAYAS),LEYTE,15,2.45,4.29,47.16,8.01,73.09,99.73,94.44,
REGION VIII (EASTERN VISAYAS),NORTHERN SAMAR,115,10.7,14.62,43.66,36.08,42.35,89.17,96.95,
REGION VIII (EASTERN VISAYAS),SAMAR,152,1.68,2.69,38.72,277,70.58,91.76,96.02,
REGION VIII (EASTERN VISAYAS),SOUTHERN LEYTE,9,5.09,6,51.81,20.46,70.79,99.91,97.86,
REGION X (NORTHERN MINDANAO),BUKIDNON,199,11.88,18.04,61.83,44.59,91.21,90.07,88.61,
REGION X (NORTHERN MINDANAO),CITY OF CAGAYAN DE ORO,4,26.1,34.1,81.8,41.4,99.4,99.3,98.8,
REGION X (NORTHERN MINDANAO),CITY OF ILIGAN,8,12.55,14.77,59.92,34.69,98.1,97.75,100,Water
REGION X (NORTHERN MINDANAO),LANAO DEL NORTE,68,12.55,14.77,59.92,34.69,98.1,97.75,100,Water
REGION X (NORTHERN MINDANAO),MISAMIS OCCIDENTAL,84,13.31,17.95,64.69,21.11,96.43,97.42,71.81,
REGION X (NORTHERN MINDANAO),MISAMIS ORIENTAL,77,1.66,2.8,57.28,27.85,95.92,97.89,98.02,
REGION XI (DAVAO REGION),CITY OF DAVAO,28,16.55,20.15,57.97,32.4,87.18,96.31,92.4,
REGION XI (DAVAO REGION),DAVAO DE ORO,43,17.8,19.7,62.8,20.84,92.2,98.9,98,
REGION XI (DAVAO REGION),DAVAO DEL NORTE,59,10.83,13.16,63.7,14.7,81.8,96.8,92,
REGION XI (DAVAO REGION),DAVAO DEL SUR,89,9.4,12.2,56.4,47.3,70,97.5,95.12,
REGION XI (DAVAO REGION),DAVAO OCCIDENTAL,100,17.2,19.04,55.56,69.79,50.82,73.34,93.72,
REGION XI (DAVAO REGION),DAVAO ORIENTAL,118,8.5,12.9,69,42,85.7,98.1,96.6,
REGION XII (SOCCSKSARGEN),COTABATO,115,5.94,8.82,67.24,17.73,90.18,90.25,93.58,
REGION XII (SOCCSKSARGEN),SARANGANI,69,3.92,6.14,70.35,28.58,81.06,94.57,93.23,
REGION XII (SOCCSKSARGEN),SOUTH COTABATO,39,4.54,5.85,63.48,15.1,89.43,95.29,60.53,
REGION XII (SOCCSKSARGEN),SULTAN KUDARAT,81,4.32,6.36,68.44,38.85,98.17,96.05,85.25,
REGION XIII (CARAGA),AGUSAN DEL NORTE,23,2.69,5.37,90.8,39.83,95.51,98.21,99.36,
REGION XIII (CARAGA),AGUSAN DEL SUR,156,1,1,1,1,1,1,1,
REGION XIII (CARAGA),CITY OF BUTUAN,6,10.13,15.72,100.96,29.41,97,99.77,88.14,
REGION XIII (CARAGA),DINAGAT ISLANDS,5,0.92,1.27,70.84,1.43,94.09,98.73,100,Water
REGION XIII (CARAGA),SURIGAO DEL NORTE,34,9.61,16.92,76.94,2.95,56.41,99.14,100,Water
REGION XIII (CARAGA),SURIGAO DEL SUR,44,12.83,19.71,64.43,1.79,6.92,96.56,58.76,
